{
  "K": [
    [
      3028.72766,
      0.0,
      1543.61101
    ],
    [
      0.0,
      3024.73159,
      1983.67915
    ],
    [
      0.0,
      0.0,
      1.0
    ]
  ],
  "dist": [
    [
      0.238754261,
      -1.71450036,
      -7.14927452e-05,
      -0.000926436404,
      3.06366683
    ]
  ]
}